{
	"credit": "Made with Blockbench",
	"texture_size": [64, 64],
	"textures": {
		"1": "item/wind_charge",
		"particle": "item/wind_charge"
	},
	"elements": [
		{
			"from": [6, 0, 6],
			"to": [10, 4, 10],
			"rotation": {"angle": 0, "axis": "y", "origin": [6, 0, 6]},
			"faces": {
				"north": {"uv": [1, 1, 2, 2], "texture": "#1"},
				"east": {"uv": [0, 1, 1, 2], "texture": "#1"},
				"south": {"uv": [3, 1, 4, 2], "texture": "#1"},
				"west": {"uv": [2, 1, 3, 2], "texture": "#1"},
				"up": {"uv": [1, 0, 2, 1], "texture": "#1"},
				"down": {"uv": [2, 0, 3, 1], "texture": "#1"}
			}
		},
		{
			"from": [4, 1, 4],
			"to": [12, 3, 12],
			"rotation": {"angle": 0, "axis": "y", "origin": [4, 1, 4]},
			"faces": {
				"north": {"uv": [2, 7, 4, 7.5], "texture": "#1"},
				"east": {"uv": [0, 7, 2, 7.5], "texture": "#1"},
				"south": {"uv": [6, 7, 8, 7.5], "texture": "#1"},
				"west": {"uv": [4, 7, 6, 7.5], "texture": "#1"}
			}
		},
		{
			"from": [5, 0, 5],
			"to": [11, 4, 11],
			"rotation": {"angle": 0, "axis": "y", "origin": [5, 0, 5]},
			"faces": {
				"north": {"uv": [1.5, 3.75, 3, 4.75], "texture": "#1"},
				"east": {"uv": [0, 3.75, 1.5, 4.75], "texture": "#1"},
				"south": {"uv": [4.5, 3.75, 6, 4.75], "texture": "#1"},
				"west": {"uv": [3, 3.75, 4.5, 4.75], "texture": "#1"}
			}
		}
	],
	"display": {
		"thirdperson_righthand": {
			"rotation": [75, 45, 0],
			"translation": [0, 3.5, 6.25]
		},
		"thirdperson_lefthand": {
			"rotation": [75, 45, 0],
			"translation": [0, 3.5, 6.25]
		},
		"firstperson_righthand": {
			"rotation": [0, 45, 0],
			"translation": [0, 7, 0]
		},
		"firstperson_lefthand": {
			"rotation": [0, 225, 0],
			"translation": [0, 7, 0]
		},
		"ground": {
			"translation": [0, 6, 0]
		},
		"gui": {
			"rotation": [30, 225, 0],
			"translation": [0, 5.5, 0]
		},
		"head": {
			"translation": [0, 25.5, 0],
			"scale": [4, 4, 4]
		},
		"fixed": {
			"translation": [0, 6, -1]
		}
	},
	"groups": [
		{
			"name": "wind_outer",
			"origin": [0, 2, 0],
			"rotation": [0, 0, -180],
			"color": 0,
			"children": []
		},
		0,
		1,
		2
	]
}